<?xml version="1.0"?>
<!DOCTYPE hibernate-mapping PUBLIC "-//Hibernate/Hibernate Mapping DTD//EN" "http://hibernate.sourceforge.net/hibernate-mapping-2.0.dtd">
<hibernate-mapping>
	<class name="com.topsuntech.gUnit.gEU_taskFilter.impl.entity.AppFunUrl" table="GOS_APPFUN_URL">
		<id name="id">
			<generator class="sequence">
				<param name="sequence">GOS_APPFUN_URL_SEQ</param>
			</generator>
		</id>
		<property name="url" column="URL" />
		<property name="matchType" column="MATCH_TYPE" />
	</class>
</hibernate-mapping>