<?xml version="1.0"?>
<!DOCTYPE hibernate-mapping PUBLIC "-//Hibernate/Hibernate Mapping DTD//EN" "http://hibernate.sourceforge.net/hibernate-mapping-2.0.dtd">
<hibernate-mapping>
	<class name="com.topsuntech.gUnit.gEU_taskFilter.log.entity.LogRecord" table="GOS_LOG_RECORD">
		<id name="id">
			<generator class="sequence">
				<param name="sequence">GOS_LOG_RECORD_SEQ</param>
			</generator>
		</id>
		<property name="funUrlId" column="FUN_URL_ID" />
		<property name="userId" column="USER_ID" />
		<property name="userType" column="USER_TYPE" />
		<property name="inetAddress" column="IPADDR" />
		<property name="accessTime" column="ACCESS_TIME" type="time"/>
	</class>
</hibernate-mapping>