<?xml version="1.0" encoding="UTF-8" ?>
<reportConfig>
    <config>
      <name>logConfig</name>
      <value>/WEB-INF/runqianReportLog.properties</value>
    </config>
    <config>
      <name>license</name>
      <value>quieeWindowServer.lic</value>
    </config>
    <config>
      <name>reportFileHome</name>
      <value>/reportFiles</value>
    </config>
   
    <config>
      <name>JNDIPrefix</name>
      <value>java:comp/env</value>
    </config>
    <config>
      <name>dataSource</name>
      <value>jdbc/db2_ds,db2</value>
    </config>
	<config>
      <name>jspCharset</name>
      <value>GBK</value>
    </config>
    <!-- Server model should setting to "no" -->
	<config>
      <name>alwaysReloadDefine</name>
      <value>yes</value>
    </config>
    <config>
      <name>cachedParamsTimeout</name>
      <value>120</value>
    </config>
    <config>
      <name>cachedReportDir</name>
      <value>E:\work\report\cached</value>
    </config>
    <config>
      <name>cachedIdPrefix</name>
      <value>A</value>
    </config>
    <config>
      <name>cachedReportTimeout</name>
      <value>120</value>
    </config>
    <config>
      <name>maxCellNum</name>
      <value>100000</value>
    </config>
    <config>
      <name>maxConcurrentForReport</name>
      <value></value>
    </config>
    <config>
      <name>maxWaitForReport</name>
      <value>10</value>
    </config>
    <config>
      <name>maxWaitTimeForReport</name>
      <value>30</value>
    </config>
    <config>
      <name>appUrlPrefix</name>
      <value></value>
    </config>
    <config>
      <name>errorPage</name>
      <value>/myError.jsp</value>
    </config>
</reportConfig>
